{
  "name": "ojIndexer",
  "version": "4.1.0",
  "jetVersion": "4.1.0",
  "displayName": " Indexer",
  "preview": true,
  "roles": [
    "slider"
  ],
  "description": "Displays a list of sections that corresponds to group headers of a list.",
  "properties": {
    "data": {
      "description": "The data provider for the Indexer.",
      "type": "oj.IndexerModel",
      "displayName": "Data",
      "value": null
    },
    "translations": {
      "description": "A collection of translated resources from the translation bundle, or null if this\ncomponent has no resources. Resources may be accessed and overridden individually or collectively, as seen in the examples.\n\nIf this component has translations, their documentation immediately follows this doc entry.",
      "type": "Object",
      "displayName": "Translations",
      "value": null,
      "properties": {
        "ariaDisabledLabel": {
          "description": "Provides properties to customize the text to read to the screen reader when there is no matching group header.",
          "type": "Object"
        },
        "ariaInBetweenText": {
          "description": "Provides properties to customize the text that represents between two characters in the Indexer.",
          "type": "Object"
        },
        "ariaKeyboardInstructionText": {
          "description": "Provides properties to customize the screen reader keyboard instructional text for the the Indexer.",
          "type": "Object"
        },
        "ariaOthersLabel": {
          "description": "Provides properties to customize the text to read to the screen reader when the non-letter characters is selected.",
          "type": "Object"
        },
        "ariaTouchInstructionText": {
          "description": "Provides properties to customize the screen reader touch instructional text for the the Indexer.",
          "type": "Object"
        },
        "indexerCharacters": {
          "description": "Provides properties to customize the characters to display in the Indexer.",
          "type": "Object"
        },
        "indexerOthers": {
          "description": "Provides properties to customize the non-letter characters to display in the Indexer.",
          "type": "Object"
        }
      }
    }
  },
  "methods": {
    "refresh": {
      "description": "Redraw the entire indexer."
    },
    "setProperty": {
      "description": "Sets a property or a single subproperty for complex properties and notifies the component\nof the change, triggering a [property]Changed event.",
      "params": [
        {
          "name": "property",
          "description": "The property name to set. Supports dot notation for subproperty access.",
          "type": "string"
        },
        {
          "name": "value",
          "description": "The new value to set the property to.",
          "type": "*"
        }
      ]
    },
    "getProperty": {
      "description": "Retrieves a value for a property or a single subproperty for complex properties.",
      "params": [
        {
          "name": "property",
          "description": "The property name to get. Supports dot notation for subproperty access.",
          "type": "string"
        }
      ],
      "return": "*"
    },
    "setProperties": {
      "description": "Performs a batch set of properties.",
      "params": [
        {
          "name": "properties",
          "description": "An object containing the property and value pairs to set.",
          "type": "Object"
        }
      ]
    }
  },
  "slots": {
    "contextMenu": {
      "description": "The contextMenu slot is set on the oj-menu within this element. \nThis is used to designate the JET Menu that this component should launch as a context menu on right-click, Shift-F10, Press & Hold, or component-specific gesture. \nIf specified, the browser's native context menu will be replaced by the JET Menu specified in this slot.\n\nThe application can register a listener for the Menu's ojBeforeOpen event. The listener can cancel the launch via event.preventDefault(), \nor it can customize the menu contents by editing the menu DOM directly, and then calling refresh() on the Menu.\n\nTo help determine whether it's appropriate to cancel the launch or customize the menu, the ojBeforeOpen listener can use component API's to determine which \ntable cell, chart item, etc., is the target of the context menu. See the JSDoc and demos of the individual components for details. \n\nKeep in mind that any such logic must work whether the context menu was launched via right-click, Shift-F10, Press & Hold, or component-specific touch gesture."
    }
  }
}