{
  "name": "ojProgressList",
  "version": "4.1.0",
  "jetVersion": "4.1.0",
  "displayName": " Progress List",
  "preview": true,
  "description": "Display a ListView where the data is a TableDataSource and data rows are ProgressItems with ko data-bind progress, status and message",
  "properties": {
    "data": {
      "description": "Data used by the file upload progress list.",
      "type": "null|oj.TableDataSource",
      "displayName": "Data",
      "value": null
    }
  },
  "methods": {
    "setProperty": {
      "description": "Sets a property or a single subproperty for complex properties and notifies the component of the change, triggering a [property]Changed event.",
      "params": [
        {
          "name": "property",
          "description": "The property name to set. Supports dot notation for subproperty access.",
          "type": "string"
        },
        {
          "name": "value",
          "description": "The new value to set the property to.",
          "type": "*"
        }
      ]
    },
    "getProperty": {
      "description": "Retrieves a value for a property or a single subproperty for complex properties.",
      "params": [
        {
          "name": "property",
          "description": "The property name to get. Supports dot notation for subproperty access.",
          "type": "string"
        }
      ],
      "return": "*"
    },
    "setProperties": {
      "description": "Performs a batch set of properties.",
      "params": [
        {
          "name": "properties",
          "description": "An object containing the property and value pairs to set.",
          "type": "Object"
        }
      ]
    }
  }
}