{
  "name": "ojSwitcher",
  "version": "4.1.0",
  "jetVersion": "4.1.0",
  "displayName": " Switcher",
  "preview": true,
  "description": "Dynamically decides which child element should be made visible.",
  "properties": {
    "value": {
      "description": "Gets and Sets value for this switcher.",
      "type": "string",
      "displayName": "Value",
      "value": "undefined"
    }
  },
  "methods": {
    "setProperty": {
      "description": "Sets a property or a single subproperty for complex properties and notifies the component\nof the change, triggering a [property]Changed event.",
      "params": [
        {
          "name": "property",
          "description": "The property name to set. Supports dot notation for subproperty access.",
          "type": "string"
        },
        {
          "name": "value",
          "description": "The new value to set the property to.",
          "type": "*"
        }
      ]
    },
    "getProperty": {
      "description": "Retrieves a value for a property or a single subproperty for complex properties.",
      "params": [
        {
          "name": "property",
          "description": "The property name to get. Supports dot notation for subproperty access.",
          "type": "string"
        }
      ],
      "return": "*"
    },
    "setProperties": {
      "description": "Performs a batch set of properties.",
      "params": [
        {
          "name": "properties",
          "description": "An object containing the property and value pairs to set.",
          "type": "Object"
        }
      ]
    },
    "refresh": {
      "description": "Refreshes the visual state of the component."
    }
  }
}